<component name="ProjectRunConfigurationManager">
  <configuration default="false" name="CalendarViewApp" type="Application" factoryName="Application" nameIsGenerated="true">
    <option name="MAIN_CLASS_NAME" value="com.dlsc.gemsfx.demo.CalendarViewApp" />
    <module name="gemsfx-demo" />
    <extension name="coverage">
      <pattern>
        <option name="PATTERN" value="com.dlsc.gemsfx.demo.*" />
        <option name="ENABLED" value="true" />
      </pattern>
    </extension>
    <method v="2">
      <option name="Make" enabled="true" />
    </method>
  </configuration>
</component>